Track,Artist,Popularity,Genres,Lyrics,Sentiment
i like the way you kiss me,Artemas,81,[],"20 ContributorsTranslationsEnglish–†—É—Å—Å–∫–∏–πNorsk (bokm√•l / riksm√•l)Espa√±olDeutsch‚Äãi like the way you kiss me Lyrics[Intro]
I like the way you kiss me
I like the way you, uh

[Chorus]
I like the way you kiss me, I can tell you miss me
I can tell it hits, hits, hits, hits
Not tryna be romantic, I'll hit it from the back
Just so you don't get attached ('Tached, 'tached, 'tached)
I like the way you kiss me, I can tell you miss me
I can tell it hits, hits, hits, hits
Not tryna be romantic, I'll hit it from the back
Just so you don't get attached ('Tached, 'tached, 'tached)

[Verse 1]
You bite my lip just for the taste
You're on your knees, I'm on the case
You take the heat and with such grace
You say we'r–µ done, but here you stay
Said you'r–µ scared I'll let you down (I'll let you down)
Stick around and you'll find out (And you'll find out)
But don't you wanna make me proud? (Don't you wanna make me proud?)
'Cause I'm so proud, baby, I'm so proud of you

[Chorus]
I like the way you kiss me, I can tell you miss me
I can tell it hits, hits, hits, hits
Not tryna be romantic, I'll hit it from the back
Just so you don't get attached ('Tached, 'tached, 'tached)
I like the way you kiss me, I can tell you miss me
I can tell it hits, hits, hits, hits
Not tryna be romantic, I'll hit it from the back
Just so you don't get attached ('Tached, 'tached, 'tached)
You might also like[Verse 2]
Do I stress you out? Can I help you out?
Does it turn you on when I turn you 'round?
Can we make a scene? (Scene) Can we make it loud? (Loud)
'Cause I'm so proud, baby, I'm so proud of you

[Break]
(So proud of you)
(Mm, so proud of you)

[Chorus]
I like the way you kiss me, I can tell you miss me
I can tell it hits, hits, hits, hits
Not tryna be romantic, I'll hit it from the back
Just so you don't get attached ('Tached, 'tached, 'tached)
I like the way you kiss me, I can tell you miss me
I can tell it hits, hits, hits, hits
Not tryna be romantic, I'll hit it from the back
Just so you don't get attached ('Tached, 'tached, 'tached)

[Outro]
I like the way you kiss me
I like the way you, uh2Embed",0.2341880341880342
Too Sweet,Hozier,85,"['irish singer-songwriter', 'modern rock', 'pov: indie']","81 ContributorsTranslationsEspa√±olDanskDeutschNorsk (bokm√•l / riksm√•l)Portugu√™sFran√ßaisT√ºrk√ßeToo Sweet Lyrics[Verse 1]
It can't be said I'm an early bird
It's 10 o'clock before I say a word
Baby, I can never tell
How do you sleep so well?
You keep tellin' me to live right
To go to bed before the daylight
But then you wake up for the sunrise
You know you don't gotta pretend
Baby, now and then

[Pre-Chorus]
Don't you just wanna wake up
Dark as a lake
Smellin' like a bonfire
Lost in a haze?
If you're drunk on life, babe
I think it's great
But while in this world

[Chorus]
I think I'll take my whiskey neat
My coffee black and my bed at three
You're too sweet for me
You're too sweet for me
I take my whisk–µy neat
My coffee black and my bed at three
You're too sweet for m–µ
You're too sweet for me
See Hozier LiveGet tickets as low as $46You might also like[Non-Lyrical Vocals]

[Verse 2]
I aim low
I aim true, and the ground's where I go
I work late where I'm free from the phone
And the job gets done
But you worry some, I know
But who wants to live forever, babe?
You treat your mouth as if it's Heaven's gate
The rest of you like you're the TSA
I wish I could go along
Babe, don't get me wrong

[Pre-Chorus]
You know you're bright as the morning
As soft as the rain
Pretty as a vine
As sweet as a grape
If you can sit in a barrel
Maybe I'll wait
Until that day
[Chorus]
I'd rather take my whiskey neat
My coffee black and my bed at three
You're too sweet for me
You're too sweet for me
I take my whiskey neat
My coffee black and my bed at three
You're too sweet for me
You're too sweet for me
[Non-Lyrical Vocals]

[Outro]
I take my whiskey neat
My coffee black and my bed at three
You're too sweet for me
You're too sweet for me5Embed",0.15809141838553598
Gata Only,FloyyMenor,78,['reggaeton chileno'],"5 ContributorsTranslationsDeutschEnglishGata Only Lyrics[Letra de ""Gata Only""]

[Intro: Cris Mj]
Ey

[Refr√°n: Cris Mj & FloyyMenor]
Mami, te siento lejo', dime d√≥nde est√°'
Te quiero chingar, te voy a raptar
D√©jate llevar, apaga el celular
Que si est√°' conmigo no te va a pasar na'
Solo d√©jate llevar
Nena, atenta a la‚Åüjug√°'
Si‚Åüyo‚Åüquiero contigo y‚Åüt√∫ quiere' conmigo
Dime‚Åüsi se da, brr

[Coro: FloyyMenor]
Ba-Ba-Baby, dale, ponte pa' m√≠, follow me
T√∫ ere', like, for me y yo 'toy pa' ti
Gata, t√∫ est√°' only, m√°ndame tu ubi
Mueve los cachete' al ritmo del TikTok
Conmigo esa gata se escap√≥ y –µn su casa nadie lo not√≥
E' que conmigo la baby esta noch–µ la pas√≥ cabr√≥n
Gata, pon el celu en modo avi√≥n
T√∫ mi loca y yo tu locotr√≥n
T√∫ te pone' pa' m√≠ y yo por ti me tiro to'a la misi√≥n
You might also like[Refr√°n: FloyyMenor & Cris Mj]
Mami, te siento lejo', dime d√≥nde est√°' (Ah-ah)
Te quiero chingar, te voy a raptar
D√©jate llevar y apaga el celular
Que si est√°' conmigo no te va a pasar na'
Solo d√©jate llevar
Nena, atenta a la jug√°'
Si yo quiero contigo y t√∫ quiere' conmigo (Mj)
(Dime si se da)

[Coro: Cris Mj]
Ba-Ba-Baby, dale, ponte pa' m√≠, follow me
T√∫ ere', like, for me, yo tu Brad Pitt
Gata, t√∫ est√°' only, m√°ndame tu ubi
Mu√©velo, cabecea al ritmo del TikTok
Conmigo esa gata se escap√≥
El que la rompe soy yo
Me la robo de menor

[Verso: Cris Mj]
Otra noche d√°ndote (Eh), d√°ndote (Eh)
Toc√°ndote (Eh), calent√°ndote
Encima vini√©ndote (Okey)
Al o√≠do gimi√©ndome (Ja)
Y yo la sigo enamorando, regalando, to' el d√≠a comprando
Lo que uste', mamita, quiere
Ahora nos 'tamo alejando, no te estoy viendo, los d√≠a' volando
Estar sola t√∫ prefiere'
Ven y dame un chance pa' guayarte
All√° abajo mojarte toa' las parte'
Otra noche d√°ndote, d√°ndote
Toc√°ndote, calent√°ndote
[Coro: Cris Mj]
Baby, dale, ponte pa' m√≠, follow me (Brr)
T√∫ ere', like, for me, yo tu Brad Pitt
Gata, t√∫ est√°' only, m√°ndame tu ubi
Mu√©velo, cabecea al ritmo del TikTok
Conmigo esa gata se escap√≥
El que la rompe soy yo
Me la robo de menor

[Outro: FloyyMenor & Cris Mj]
Ey
(Ah-ah-ah-ah-ah-ah-ah)
Ya t√∫ sabe' qui√©ne', ya t√∫ sabe' qui√©nes somo' (Ey)
(Ah-ah-ah-ah-ah-ah-ah-ah-ah) FloyyMenor
Cris Mj ""El M√°s Que Suena""
(Ah-ah-ah, ah-ah-ah)
FloyyMenor
'Tamo matando, brr, ja
(Mami, te siento lejo', dime d√≥nde est√°s
Te quiero chingar, te voy a raptar
D√©jate llevar, apaga el celular
Que si est√°s conmigo no te va a pasar na')
T√∫ y yo en La Serena
Por la Avenida del Mar
(Si yo quiero contigo y t√∫ quiere' conmigo
Dime si se da)
Tra, tra, tra, tra, tra, tra, tra, tra
Jaja
Muah
Pa' que sepa'Embed",0.0
End of Beginning,Djo,79,"['pov: indie', 'psychedelic pop']","33 ContributorsTranslationsPortugu√™sEspa√±olItalianoDeutschÿßŸÑÿπÿ±ÿ®Ÿäÿ©Bahasa IndonesiaNorsk (bokm√•l / riksm√•l)End of Beginning Lyrics[Verse 1]
Just one more tear to cry, one teardrop from my eye
You better save it for
The middle of the night when things aren't black and white
Enter, Troubadour
""Remember twenty-four?""

[Chorus]
And when I'm back in Chicago, I feel it
Another version of me, I was in it
I wave goodbye to the end of beginning

[Verse 2]
This song has started now, and you're just finding out
Now isn't that a laugh?
A major sacrifice, but clueless at the time
Enter, Caroline
""Just trust me, you'll be fine""

[Chorus]
And when I'm back in Chicago, I feel it
Another version of me, I was in it
I wave goodbye to the end of beginning
(Goodbye, goodbye, goodbye, goodbye)

[Bridge]
You take the man out of the city, not the city out the man
You take the man out of the city, not the city out the man
You take the man out of the city, not the city out the man
You take the man out of the‚Äî
You might also like[Chorus]
And when I'm back in Chicago, I feel it
Another version of me, I was in it
Oh, I wave goodbye to the end of beginning
(Goodbye, goodbye)3Embed",0.1465909090909091
Beautiful Things,Benson Boone,85,['singer-songwriter pop'],"34 ContributorsTranslationsDeutschPortugu√™sEspa√±olNorsk (bokm√•l / riksm√•l)Fran√ßaisBeautiful Things Lyrics[Verse 1]
For a while there, it was rough
But lately, I've been doin' better
Than the last four cold Decembers I recall
And I see my family every month
I found a girl my parents love
She'll come and stay the night, and I think I might have it all
And I thank God every day
For the girl He sent my way
But I know the things He gives me, He can take away
And I hold you every night
And that's a feeling I wanna get used to
But there's no man as terrified as the man who stands to lose you

[Pre-Chorus]
Oh, I hope I don't los–µ you
Mm, please stay
I want you, I need you, oh God
Don't take
Th–µse beautiful things that I've got

[Chorus]
Please stay
I want you, I need you, oh, God
Don't take
These beautiful things that I've got
See Benson Boone LiveGet tickets as low as $82You might also like[Post-Chorus]
Oh, ooh
Please don't take

[Verse 2]
I found my mind, I'm feelin' sane
It's been a while, but I'm finding my faith
If everything's good and it's great, why do I sit and wait 'til it's gone?
Oh, I'll tell ya, I know I've got enough
I've got peace and I've got love
But I'm up at night thinkin' I just might lose it all

[Chorus]
Please stay
I want you, I need you, oh God
Don't take
These beautiful things that I've got

[Post-Chorus]
Oh, ooh

[Outro]
Please stay
I want you, I need you, oh God
I need
These beautiful things that I've got6Embed",0.36
we can't be friends (wait for your love),Ariana Grande,92,['pop'],"103 ContributorsTranslationsÿßŸÑÿπÿ±ÿ®Ÿäÿ©–ë—ä–ª–≥–∞—Ä—Å–∫–∏DanskDeutschEspa√±olHebrewItalianoÌïúÍµ≠Ïñ¥–†—É—Å—Å–∫–∏–πNorsk (bokm√•l / riksm√•l)‡πÑ‡∏ó‡∏¢ / Phasa ThaiÊó•Êú¨Ë™ûBahasa IndonesiaPortugu√™sMagyar‚Äãwe can‚Äôt be friends (wait for your love) Lyrics[Verse 1]
I didn't think you'd understand me
How could you ever even try?
I don't wanna tiptoe, but I don't wanna hide
But I don't wanna feed this monstrous fire
Just wanna let this story die
And I'll be alright

[Chorus]
We can't be friends
But I'd like to just pretend
You cling to your papers and pens
Wait until you like me again

[Post-Chorus]
Wait for your love
Lo-love, I'll wait for your love

[Verse 2]
Me and my truth, we sit in silence
Mm
Baby girl, it's just me and you
'Cause I don't wanna argue, but I don't wanna bite
My tongue, yeah, I think I'd rather die
You got me misunderstood
But at least I look this good
You might also like[Chorus]
We can't be friends
But I'd like to just pretend
You cling to your papers and pens
Wait until you like me again

[Post-Chorus]
Wait for your love
Lo-love, I'll wait for your love
I'll wait for your love
Lo-love, I'll wait for your love

[Bridge]
Know that you made me
I don't like how you paint me, yet I'm still here hanging
Not what you made me
It's somethin' like a daydream
But I feel so seen in the night
So for now, it's only me
And maybe that's all I need

[Chorus]
We can't be friends
But I'd like to just pretend
You cling to your papers and pens
Wait until you like me again
[Post-Chorus]
Wait for your love
Lo-love, I'll wait for your love
I'll wait for your love
Lo-love, I'll wait for your love

[Outro]
I'll wait for your love
I'll wait for your love
I'll wait for your love
I'll wait for your love
I'll wait for your love9Embed",0.4388888888888889
greedy,Tate McRae,83,['pop'],"59 ContributorsTranslationsPortugu√™sEspa√±olDeutschFran√ßaisItalianoNorsk (bokm√•l / riksm√•l)‚Äãgreedy Lyrics[Intro]
(Woo)

[Verse 1]
He said, ""Are you serious? I've tried, but I can't figure out
I've been next to you all night and still don't know what you're about
You keep ta- (Ta-ta-), talkin', but not much comin' out your mouth
Can't you tell that I want you?"", I say, yeah
[Chorus]
I would want myself
Baby, please believe me
I'll put you through hell
Just to know me, yeah, yeah
So sure of yourself
Baby, don't get greedy
That shit won't end well
(No, it won't) End well

[Post-Chorus]
(Uh-uh, uh-uh-uh, uh-uh, woo)

[Verse 2]
I see you eyein' me down, but you'll never know much past my name
Or how I'm runnin' this room around and that I'm still half your age
Yeah, you're loo- (Loo-loo-), lookin' at me like I'm some sweet escape
Obvious that you want me, but I said
See Tate McRae LiveGet tickets as low as $26You might also like[Chorus]
I would want myself
Baby, please believe me
I'll put you through hell
Just to know me, yeah, yeah
So sure of yourself
Baby, don't get greedy
That shit won't end well
(No, it won't) End well

[Bridge]
He said, ""I'm just curious, is this for real or just an act?
Can't tell if you love or hate me, never met someone like that
Drive me so (So, so) crazy, did you know you got that effect?""
I said, ""Lemme check, yeah""
[Chorus]
I would want myself
Baby, please believe me
I'll put you through hell
Just to know me, yeah, yeah
So sure of yourself
Baby, don't get greedy
That shit won't end well
(No, it won't) End well
[Outro]
(I would want myself)
(I would want myself)
I would want myself
(I would want myself)
(I would want myself)
(Uh-uh, uh-uh-uh, uh)22Embed",-0.02777777777777778
Espresso,Sabrina Carpenter,81,['pop'],"54 ContributorsTranslations–°—Ä–ø—Å–∫–∏ÿßŸÑÿπÿ±ÿ®Ÿäÿ©Fran√ßaisItalianoDeutschPortugu√™sEspa√±olBahasa IndonesiaEspresso Lyrics[Chorus]
Now he's thinkin' 'bout me every night, oh
Is it that sweet? I guess so
Say you can't sleep, baby, I know
That's that me espresso
Move it up, down, left, right, oh
Switch it up like Nintendo
Say you can't sleep, baby, I know
That's that me espresso

[Verse 1]
I can't relate to desperation
My give-a-fucks are on vacation
And I got this one boy and he won't stop calling
When they act this way, I know I got 'em

[Pre-Chorus]
Too bad your ex don't do it for ya
Walked in and dream-came-trued it for ya
Soft skin and I perfumed it for ya (Yes)
I know I Mountain Dew it for ya (Yes)
That morning coffee, brewed it for ya (Yes)
One touch and I brand-newed it for ya

[Chorus]
And now he's thinkin' 'bout me every night, oh
Is it that sweet? I guess so
Say you can't sleep, baby, I know
That's that me espresso
Move it up, down, left, right, oh
Switch it up like Nintendo
Say you can't sleep, baby, I know
That's that me espresso
See Sabrina Carpenter LiveGet tickets as low as $108You might also like[Post-Chorus]
Holy shit
Is it that sweet? I guess so

[Verse 2]
I'm working late 'cause I'm a singer
Oh, he looks so cute wrapped 'round my finger
My twisted humor make him laugh so often
My honeybee, come and get this pollen

[Pre-Chorus]
Too bad your ex don't do it for ya
Walked in and dream-came-trued it for ya
Soft skin and I perfumed it for ya (Yes)
I know I Mountain Dew it for ya (Yes)
That morning coffee, brewed it for ya (Yes)
One touch and I brand-newed it for ya (Stupid)

[Chorus]
Now he's thinkin' 'bout me every night, oh
Is it that sweet? I guess so
Say you can't sleep, baby, I know
That's that me espresso
Move it up, down, left, right, oh
Switch it up like Nintendo
Say you can't sleep, baby, I know
That's that me espresso (Yes)
Thinkin' 'bout me every night, oh
Is it that sweet? I guess so (Yes)
Say you can't sleep, baby, I know
That's that me espresso (Yes)
Move it up, down, left, right, oh (Move it up, down, left, right, oh)
Switch it up like Nintendo (Yes)
Say you can't sleep, baby, I know
That's that me espresso
[Outro]
Is it that sweet? I guess so
Mm, that's that me espresso12Embed",0.010630110630110635
Like That,Future,92,"['atl hip hop', 'hip hop', 'rap', 'southern hip hop', 'trap']","405 ContributorsTranslationsPortugu√™sEspa√±ol–†—É—Å—Å–∫–∏–πT√ºrk√ßeDeutschNorsk (bokm√•l / riksm√•l)Like That Lyrics[Intro: Future]
Gotta fire my joint up on this bitch
Young Metro, young Metro, young Metro, three times
Yeah

[Verse 1: Future]
Stickin' to the code, all these hoes for the streets
I put it in her nose, it's gon' make her pussy leak
Pussy niggas told, ain't gon' wake up out they sleep
You can't hear that switch, but you can hear them niggas scream
All my hoes do shrooms, nigga, all my hoes do coke
Twenty-carat ring, I put my fingers down her throat (Uh, uh, uh)
If I lose a carat, she might choke (Uh, uh, uh)
I know she gon' swallow, she a G.O.A.T. (Uh, uh, uh)
Freeband nigga, bring the racks in
Got the shooters in the corner like the pack in
She think 'cause she exotic bitch, she attractive
That's that shit'll get you put up out the section, brrt
And the motto still the same
Ball like I won a championship game
You know these hoes hungry, they gon' fuck for a name
I put her on the gang, she get fucked for a chain
Got your girl in this bitch, she twirlin' on the dick
I got syrup in this bitch, turn up in this bitch
And we brought the 'Ercs in this bitch, get murked in this bitch
All these pointers on me, baby, you know it's game time
Bring a friend, bitch, we fucked 'em at the same time
I'm a different nigga, no, we not the same kind
You can have that lil'‚Äî if she ain't mine (Yeah)
You might also like[Chorus: Future]
Young dope dealer, sellin' dope, is you like that? (If you like that)
Kickin' doors, kickin' in doors, is you like that? (Yeah)
Young throwed nigga, sellin' loads, is you like that? (Yeah)
All '24, you on go, is you like that? (If you like that)
Niggas from the bottom really like that (If you like that)
Steppin' in Balencis if you like that (If you like that)
Pop another bottle if you like that (If you like that)

[Post-Chorus: Michel'le]
He was once a thug from around the way

[Verse 2: Kendrick Lamar & Future]
These niggas talkin' out of they necks
Don't pull no coffin out of your mouth, I'm way too paranoid for a threat
Ayy-ayy, let's get it, bro
D-O-T, the money, power, respect
The last one is better
Say, it's a lot of goofies with a check
I mean, ah, I hope them sentiments symbolic
Ah, my temperament bipolar, I choose violence
Okay, let's get it up, it's time for him to prove that he's a problem
Niggas clickin' up, but cannot be legit, no 40 Water, tell 'em
Ah, yeah, huh, yeah, get up with me
Fuck sneak dissin', first-person shooter, I hope they came with three switches
I crash out like, ""Fuck rap,"" diss Melle Mel if I had to
Got 2TEEZ with me, I'm snatchin' chains and burnin' tattoos, it's up
Lost too many soldiers not to play it safe
If he walk around with that stick, it ain't Andr√© 3K
Think I won't drop the location? I still got PTSD
Motherfuck the big three, nigga, it's just big me
Nigga, bum
What? I'm really like that
And your best work is a light pack
Nigga, Prince outlived Mike Jack'
Nigga, bum
'Fore all your dogs gettin' buried
That's a K with all these nines, he gon' see Pet Sematary (Yeah)
Nigga, bum
[Chorus: Future & Kendrick Lamar]
Young dope dealer, sellin' dope, is you like that? (If you like that, yeah, yeah)
Kickin' doors, kickin' in doors, is you like that? (How?, yeah)
Young throwed nigga, sellin' loads, is you like that? (Holy water, Holy water, yeah)
All '24, you on go, is you like that? (If you like that)
Niggas from the bottom really like that (If you like that)
Steppin' in Balencis if you like that (If you like that)
Pop another bottle if you like that (If you like that)

[Post-Chorus: Michel'le]
He was once a thug from around the way

[Instrumental Break]

[Chorus: Future]
Young dope dealer, sellin' dope, is you like that?
Kickin' doors, kickin' in doors, is you like that?
Young throwed nigga, sellin' loads, is you like that?
All '24, you on go, is you like that? (If you like that)
Niggas from the bottom really like that (If you like that)
Steppin' in Balencis if you like that (If you like that)
Pop another bottle if you like that (If you like that)

[Post-Chorus: Michel'le]
He was once a thug, he was, he
[Outro: Future]
Came in banging dope, niggas was young, slangin' powder
Walk in the strip club, make it rain for three hours
Locked in and now I got my Phantom and my driver
Perc'd out, took chances in my hood like Nevada
Surfed out outside, white interior, lasagna
Hundred thousands, I just cashed out on designer
Gotta devour, nigga, I learned that in the jungle
Once I sell this load, that's a million in a week50Embed",0.06595804988662134
Lose Control,Teddy Swims,80,[],"25 ContributorsTranslationsEspa√±olDeutschNorsk (bokm√•l / riksm√•l)Fran√ßaisLose Control Lyrics[Verse 1]
Something's got a hold of me lately
No, I don‚Äôt know myself anymore
Feels like the walls are all closin' in
And the devil's knockin‚Äô at my door, woah
Out of my mind, how many times did I tell you
I'm no good at bein' alone?
Yeah, it's taken a toll on me, tryin' my best to keep
From tearin' the skin off my bones, don't you know

[Chorus]
I lose control
When you're not next to me
I‚Äôm fallin‚Äô apart right in front of you, can't you see?
I lose control
When you‚Äôre not next to me, mhm
Yeah, you're breakin' my heart, baby
You make a mess of me

[Verse 2]
Problematic
The problem is I want your body like a fiend, like a bad habit
Bad habits hard to break when I'm with you
Yeah, I know I can do it on my own
But I want that real full-moon black magic and it takes two
Problematic
The problem is when I‚Äôm with you I'm an addict
And I need some relief, my skin and your teeth
Can't see the forest through the trees
Got me down on my knees, darlin', please, oh
See Teddy Swims LiveGet tickets as low as $63You might also like[Chorus]
I lose control
When you're not next to me
I'm fallin' apart right in front of you, can't you see?
I lose control
When you're not next to me (Mm-hmm)
Yeah, you're breakin' my heart, baby
You make a mess of me, yeah

[Instrumental Break]

[Chorus]
I lose control
When you're not here with me, mm
I'm fallin' apart right in front of you, can't you see?
I lose control
When you're not here with me, mhm
Yeah, you're breakin' my heart, baby
You make a mess of meEmbed",0.03992408557625951
Magnetic,ILLIT,75,[],"23 ContributorsTranslationsEnglishRomanizationBahasa Indonesia–†—É—Å—Å–∫–∏–πEspa√±olPortugu√™sMagnetic Lyrics[ÏïÑÏùºÎ¶ø ""Magnetic"" Í∞ÄÏÇ¨]

[Intro: Wonhee]
Baby, I'm just trying to play it cool
But I just can't hide that
I want you

[Verse 1: Minju & Iroha]
Wait a minute, Ïù¥Í≤å Î≠êÏßÄ? (Î≠êÏßÄ?)
ÎÇ¥ Ïã¨Ïû•Ïù¥ love-dub
ÏûêÍæ∏Îßå Îõ∞Ïñ¥
Ï†Ä Î©ÄÎ¶¨ÏÑúÎèÑ oh, (Oh) my (My) gosh (Gosh)
ÎÅåÏñ¥ÎãπÍ≤® you're‚Åümy‚Åücrush
Ï¥àÎä•Î†•Ï≤òÎüº

[Pre-Chorus: Yunah, Moka & Wonhee]
Í±∞ÎåÄÌïú‚ÅüÏûêÏÑùÏù¥ Îêú Í≤ÉÎßå‚ÅüÍ∞ôÏïÑ my heart
ÎÑ§‚ÅüÎ™®Îì† Í≤å ÎÇ¥ ÎßòÏóê Îã¨ÎùºÎ∂ôÏñ¥Î≤ÑÎ†§, boy
We're magnetized, Ïù∏Ï†ïÌï†Í≤å
This time, I want

[Chorus: Wonhee & Minju]
You, you, you, you, like it's magnetic
You, you, you, you, you, you, you, you super Ïù¥ÎÅåÎ¶º
You, you, you, you, like it's magnetic
You, you, you, you, you, you, you, you super Ïù¥ÎÅåÎ¶º
You might also like[Post-Chorus: Moka, Iroha, Yunah & Wonhee]
Bae, bae, bae, bae, bae, bae, bae, bae, bae
Dash-da-da, dash-da-da, dash-da
Like it's magnetic
Bae, bae, bae, bae, bae, bae, bae, bae, bae
Dash-da-da, dash-da-da
Baby, don't say no

[Verse 2: Minju & Wonhee]
Ï†ïÎ∞òÎåÄ Í∞ôÏïÑ our type
ÎÑå J ÎÇú ÏôÑÏ†Ñ P
SÏôÄ N Í∑πÏù¥ÏßÄÎßå
Í∑∏ÎûòÏÑú ÎÅåÎ¶¨ÏßÄ
ÎÇ¥Í∞Ä ÎßåÎì§Îûò green light
Ïó¨Ïûî Î∞∞Ïß±Ïù¥ÏßÄ
So let's go, let's go
Let's go, let's go

[Pre-Chorus: Moka, Yunah & Iroha]
Ïà®Í∏∞Í≥† Ïã∂ÏßÄ ÏïäÏïÑ ÏûêÏÑù Í∞ôÏùÄ my heart
ÎÇ¥ ÎßòÏùò ÎÅåÎ¶ºÎåÄÎ°ú ÎÑàÎ•º Ìñ•Ìï¥ Í∞àÍ≤å, boy
We're magnetized, Ïù∏Ï†ïÌï†Í≤å
This time, I want

[Chorus: Iroha & Minju]
You, you, you, you, like it's magnetic
You, you, you, you, you, you, you, you super Ïù¥ÎÅåÎ¶º
You, you, you, you, like it's magnetic
You, you, you, you, you, you, you, you super Ïù¥ÎÅåÎ¶º
[Bridge: Yunah, Minju, Moka, Iroha & *Wonhee*]
No push and pull, Ï†ÑÏÜçÎ†•ÏúºÎ°ú ÎÑàÏóêÍ≤å Í∞àÍ≤å (In a rush, in a rush)
Our chemistry, ÎÇú Í≥ºÎ™∞ÏûÖÌï¥ ÏßÄÍ∏à ÏàúÍ∞ÑÏóê (Baby, you're my crush, you're my crush)
No push and pull, ÎÑ§Í≤å ÏßëÏ§ë ÌõÑÌöåÎäî Ïïà Ìï†Îûò (Gonna dash, gonna dash)
Never holding back, ÏßÅÏßÑÌï¥, yeah (ÏßÅÏßÑÌï¥, yeah)
*This time, I want*

[Chorus: Wonhee & Moka]
You, you, you, you, like it's magnetic
You, you, you, you, you, you, you, you super Ïù¥ÎÅåÎ¶º
You, you, you, you, like it's magnetic
You, you, you, you, you, you, you, you super Ïù¥ÎÅåÎ¶º

[Post-Chorus: Minju, Iroha, Yunah & Wonhee]
Bae, bae, bae, bae, bae, bae, bae, bae, bae
Dash-da-da, dash-da-da, dash-da
Like it's magnetic
Bae, bae, bae, bae, bae, bae, bae, bae, bae
Dash-da-da, dash-da-da
Baby, don't say no6Embed",0.255
"One Of The Girls (with JENNIE, Lily Rose Depp)",The Weeknd,93,"['canadian contemporary r&b', 'canadian pop', 'pop']","1 ContributorNew Music Friday 06/23/23 LyricsPeso Pluma & Junior H - LUNA
Young Thug - Oh U Went (feat. Drake)
Ice Spice & Nicki Minaj - Barbie World (with Aqua)
Bizarrap - Rauw Alejandro: Bzrp Music Sessions, Vol. 56
The Weeknd, JENNIE & Lily-Rose Depp - One Of The Girls
Coi Leray & David Guetta - Make My Day
Lyrical Lemonade, Juice WRLD & Cordae - Doomsday
Anitta - Funk Rave
Kelly Clarkson - rock hudson
Kim Petras - King of Hearts
Lil Tjay - June 22nd
Chris Brown - Summer Too Hot
Dominic Fike - Mama's Boy
Rauw Alejandro & Bizarrap - BABY HELLO
The Chainsmokers, ILLENIUM & Carlie Hanson - See You Again
Faye Webster - But Not Kiss
Hozier - Unknown / Nth
Old Dominion - Some Horses
Gwen Stefani - True Babe
Bakar - Alive!
Portugal. The Man - Grim Generation
Mac Miller - The Star Room (OG Version)
DESTIN CONRAD - To This Dayüïí
Stormzy - Toxic Trait
Oliver Tree - Bounce
Maisie Peters - Run
Jake Owen - Loose Cannon
Beck - Odyssey
Carly Rae Jepsen - Shy Boy
JP Saxe - Everything Ends (feat. Lizzy McAlpine and Tiny Habits)
Nessa Barrett - lie
Demi Lovato - SWINE
Key Glock - Presidential Rolex
Finesse2tymes - Shiesty (feat. Kali & Sexyy Red)
Loud Luxury - If Only I (feat. Bebe Rexha)
Diplo - Without You
Brad Paisley - So Many Summers
Tai Verdes - Sandman
Moses Sumney - Get It B4
Slowdive - kisses
X Ambassadors & Medium Build - Friend For Life
King Von - Robberies
Joyner Lucas - Broski
Marshmello & Tiago PZK - Como Yo
Ti√´sto - Drifting
Madeon - Gonna Be Good
Madison Rose - True Colors
Lyn Lapid - the alternative
Sean Leon - THE GLADE
binki - Freakin
Wallice - Prepaid Wireless
Corinne Bailey Rae - New York Transit Queen
Ashley Cooke - mean girl
M. Ward - too young to die
Shania Twain - On Three
Chris Renzema - Faith!?
Palace - All We've Ever Wanted
Lennon Stella - Time After Time - Spotify Singles
√Ñyanna - Girlfriend
Victony - My Darling
XXXTENTACION - I'm Not Human
Danny Towers & DJ Scheme - Kreepin (feat. Denzel Curry)
Duki & Jhayco - RoCKSTAR 2.0
NCT DREAM - Broken Melodies
Valley - Natural
Geese - I See Myself
C.S. Armstrong - SOUL SURVIVOR
Byron Messia - I Hate Byron
Timmy Trumpet & Alle Farben - Good Morning (feat. YOU)
venbee - die young
Boyish & King Princess - Kill Your Pain
Bishop Briggs - Reborn
Justin Vernon - hazelton
Michael Ray - Spirits and Demons (with Meghan Patrick)
Bridge Music - FIND MY WAY
Maria Becerra - CORAZ√ìN VAC√çO
Jason Mraz - Feel Good Too
Teddy Swims - Lose Control
Militarie Gun - Never Fucked Up Once
Rowdy Rebel, Fetty Luciano & Fivio Foreign - Posture
Big Freedia - El Ni√±o (feat. Lil Wayne & Boyfriend)
Galantis - BANG BANG! (My Neurodivergent Anthem)
Stefflon Don - Move It
Rylo Rodriguez - Thang For You (feat. No Cap)
BLP KOSHER - Special K
Curtis Waters - PETTY (feat. TiaCorine)
Cody Fry - Waltz For Sweatpants
Healy - 2D
Aphex Twin - Blackbox Life Recorder 21f
Albert Hammond Jr - One Chance
REASON - You Betta (Jesus Take The Wheel)‚òëÔ∏è
Sada Baby - Ugly Sweater‚òëÔ∏è
Tyler Cole - Bad Joke
Current Joys & Your Angel - LOVE + POP
Ilsey - No California
Pecos & the Rooftops - She Says
Amy Shark - Can I Shower At Yours
Babyboy AV - Quick Questionüêö
Franklin Jonas - Cherub
Dr. Teeth and The Electric Mayhem - Rock On - Spotify SinglesEmbed",0.048984236484236485
Cruel Summer,Taylor Swift,100,['pop'],"205 ContributorsTranslationsT√ºrk√ßeEspa√±ol–°—Ä–ø—Å–∫–∏Portugu√™sPolskiItalianoMagyarDeutschFran√ßaisŸÅÿßÿ±ÿ≥€å‰∏≠Êñá–†—É—Å—Å–∫–∏–πÿßŸÑÿπÿ±ÿ®Ÿäÿ©–£–∫—Ä–∞—ó–Ω—Å—å–∫–∞SvenskaCruel Summer Lyrics[Intro]
(Yeah, yeah, yeah, yeah)

[Verse 1]
Fever dream high in the quiet of the night
You know that I caught it (Oh yeah, you're right, I want it)
Bad, bad boy, shiny toy with a price
You know that I bought it (Oh yeah, you're right, I want it)

[Pre-Chorus]
Killing me slow, out the window
I'm always waiting for you to be waiting below
Devils roll the dice, angels roll their eyes
What doesn't kill me makes me want you more

[Chorus]
And it's new, the shape of your body
It's blue, the feeling I've got
And it's ooh, woah-oh
It's a cruel summer
It's cool, that's what I tell 'em
No rules in breakable heaven
But ooh, woah-oh
It's a cruel summer with you

[Verse 2]
Hang your head low in the glow of the vending machine
I'm not dying (Oh yeah, you're right, I want it)
We say that we'll just screw it up in these trying times
We're not trying (Oh yeah, you're right, I want it)
See Taylor Swift LiveGet tickets as low as $293You might also like[Pre-Chorus]
So cut the headlights, summer's a knife
I'm always waiting for you just to cut to the bone
Devils roll the dice, angels roll their eyes
And if I bleed, you'll be the last to know, oh

[Chorus]
It's new, the shape of your body
It's blue, the feeling I've got
And it's ooh, woah-oh
It's a cruel summer
It's cool, that's what I tell 'em
No rules in breakable heaven
But ooh, woah-oh
It's a cruel summer with you

[Bridge]
I'm drunk in the back of the car
And I cried like a baby comin' home from the bar (Oh)
Said, ""I'm fine,"" but it wasn't true
I don't wanna keep secrets just to keep you
And I snuck in through the garden gate
Every night that summer just to seal my fate (Oh)
And I scream, ""For whatever it's worth
I love you, ain't that the worst thing you ever heard?""
He looks up, grinnin' like a devil
[Chorus]
It's new, the shape of your body
It's blue, the feeling I've got
And it's ooh, woah-oh
It's a cruel summer
It's cool, that's what I tell 'em
No rules in breakable heaven
But ooh, woah-oh
It's a cruel summer with you

[Outro]
I'm drunk in the back of the car
And I cried like a baby comin' home from the bar (Oh)
Said, ""I'm fine,"" but it wasn't true
I don't wanna keep secrets just to keep you
And I snuck in through the garden gate
Every night that summer just to seal my fate (Oh)
And I scream, ""For whatever it's worth
I love you, ain't that the worst thing you ever heard?""
(Yeah, yeah, yeah, yeah)108Embed",-0.10249330035044321
Stick Season,Noah Kahan,84,['pov: indie'],"54 ContributorsTranslationsÿßŸÑÿπÿ±ÿ®Ÿäÿ©Espa√±olDeutschFran√ßaisNorsk (bokm√•l / riksm√•l)Stick Season Lyrics[Verse 1]
As you promised me that I was more than all the miles combined
You must've had yourself a change of heart like halfway through the drive
Because your voice trailed off exactly as you passed my exit sign
Kept on drivin' straight and left our future to the right
Now I am stuck between my anger and the blame that I can't face
And memories are somethin' even smoking weed does not replace
And I am terrified of weather 'cause I see you when it rains
Doc told me to travel, but there's Covid on the planes

[Chorus]
And I love Vermont, but it's the season of the sticks
And I saw your mom, she forgot that I existed
And it's half my fault, but I just like to play the victim
I'll drink alcohol 'til my friends come home for Christmas
And I'll dream each night of some version of you
That I might not have, but I did not lose
Now you're tire tracks and one pair of shoes
And I'm split in half, but that'll have to do

[Verse 2]
So I thought that if I piled something good on all my bad
That I could cancel out the darkness I inherited from Dad
No, I am no longer funny 'cause I miss the way you laugh
You once called me ""forever,"" now you still can't call me back
See Noah Kahan LiveGet tickets as low as $86You might also like[Chorus]
And I love Vermont, but it's the season of the sticks
And I saw your mom, she forgot that I existed
And it's half my fault, but I just like to play the victim
I'll drink alcohol 'til my friends come home for Christmas
And I'll dream each night of some version of you
That I might not have, but I did not lose
Now you're tire tracks and one pair of shoes
And I'm split in half, but that'll have to do

[Bridge]
Oh, that'll have to do
My other half was you
I hope this pain's just passin' through
But I doubt it

[Chorus]
And I love Vermont, but it's the season of the sticks
And I saw your mom, she forgot that I existed
And it's half my fault, but I just like to play the victim
I'll drink alcohol 'til my friends come home for Christmas
And I'll dream each night of some version of you
That I might not have, but I did not lose
Now you're tire tracks and one pair of shoes
And I'm split in half, but that'll have to do
Have to do7Embed",0.03959435626102293
TEXAS HOLD 'EM,Beyonc√©,90,"['pop', 'r&b']","89 ContributorsTranslationsItalianoDeutsch–†—É—Å—Å–∫–∏–πPortugu√™sBahasa IndonesiaT√ºrk√ßePolskiEspa√±olNederlandsNorsk (bokm√•l / riksm√•l)TEXAS HOLD ‚ÄôEM Lyrics[Chorus]
This ain't Texas (Woo)
Ain't no hold 'em (Hey)
So lay your cards down, down, down, down
So park your Lexus (Woo)
And throw your keys up (Hey)
Stick around, 'round, 'round, 'round, 'round (Stick around)
And I'll be damned if I can't slow-dance with you
Come pour some sugar on me, honey, too
It's a real-life boogie and a real-life hoedown
Don't be a bitch, come take it to the floor now, woo, ha (Woo)

[Verse 1]
There's a tornado (There's a tornado)
In my city (In my city)
Hit the basement (Hit the basement)
That shit ain't pretty (That shit ain't pretty)
Rugged whiskey (Rugged whiskey)
'Cause we survivin' ('Cause we survivin')
Off red-cup kisses, sweet redemption, passin' time, yeah
[Pre-Chorus]
Ooh, one step to the right
We heading to the dive bar we always thought was nice
Ooh, run me to the left
Then spin me in the middle, boy, I can't read your mind
You might also like[Chorus]
This ain't Texas (Woo)
Ain't no hold 'em (Hey)
So lay your cards down, down, down, down
So park your Lexus (Woo)
And throw your keys up (Hey)
And stick around, 'round, 'round, 'round, 'round (Stick around)
And I'll be damned if I can't slow-dance with you
Come pour some sugar on me, honey, too
It's a real-life boogie and a real-life hoedown
Don't be a bitch, come take it to the floor now, woo
And I'll be damned if I cannot dance with you
Come pour some liquor on me, honey, too
It's a real-life boogie and a real-life hoedown
Don't be a bitch, come take it to the floor now, woo

[Post-Chorus]
Woo-hoo
Woo-hoo
Woo-hoo

[Verse 2]
There's a heatwave (There's a heatwave)
Comin' at us (Comin' at us)
Too hot to think straight (Too hot to think straight)
Too cold to panic (Cold to panic)
All of the problems
Just feel dramatic (Just feel dramatic)
And now we're runnin' to the first bar that we find, yeah
[Pre-Chorus]
Ooh, one step to the right
We heading to the dive bar we always thought was nice
Ooh, you run to the left
Just work me in the middle boy, I can't read your mind

[Chorus]
This ain't Texas (Woo)
Ain't no hold 'em (Hey)
So lay your cards down, down, down, down, oh
So park your Lexus (Hey)
And throw your keys up (Hey)
And stick around, 'round, 'round, 'round, 'round (Stick around)
And I'll be damned if I cannot dance with you
Come pour some sugar on me, honey, too
It's a real-life boogie and a real-life hoedown
Don't be a bitch, come take it to the floor now (Woo)
And I'll be damned if I cannot dance with you
Come pour some liquor on me, honey, too
It's a real-life boogie and a real-life hoedown
Don't be a‚Äî, come take it to the floor now, ooh

[Outro]
Take it to the floor now, ooh
Hoops, spurs, boots
To the floor now, ooh
Tuck, back, oops (Ooh, ooh, ooh)
Shoot
Come take it to the floor now, ooh
And I'll be damned if I cannot dance with you
Baby, pour that sugar and liquor on me, too
Furs, spurs, boots
Solargenic, photogenic, shoot17Embed",-0.06301925025329282
CARNIVAL,¬•$,81,[],"359 ContributorsTranslationsEspa√±olPortugu√™sÌïúÍµ≠Ïñ¥–£–∫—Ä–∞—ó–Ω—Å—å–∫–∞–†—É—Å—Å–∫–∏–πDeutschFran√ßaisNorsk (bokm√•l / riksm√•l)T√ºrk√ßeItalianoCARNIVAL Lyrics[Intro: Choir & Playboi Carti]
Go, go, go, go
Head so good, she a honor roll
She ride the dick like a carnival
I done did the impossible
Go, go, go, go
Head so good, she a honor roll
She ride the dick like a carnival
I done did the impossible
Go
Ha, ha, ha, schyeah

[Verse 1: Rich The Kid & Playboi Carti]
Way too rich to drive a Rove'
Made a milli' off the stove
She like to put it in her nose
Pretty bitch with white toes
I done put on all the bros
I done fucked her in the Rolls (Hahahaha)
I done pulled up in the Ghost
I done reach–µd all my goals
Yeah, yeah, pull up with Yeezy and Dolla $ign
I'm all about business, I'm mindin' min–µ
Pull up in the trenches like Columbine
Pull up with the rocket like NumbaNine
I don't want your hoes
Young nigga reach all the goals
Let her suck the dick, said she was a pro
If she scrape her teeth, I'ma tell her to go
You might also like[Chorus: Rich The Kid with Choir, Ty Dolla $ign & Playboi Carti]
Go, go, go, go
Head so good, she a honor roll
She'll ride the dick like carnival
I done did the impossible
Go, go, go, go (Ha, ha)
Head so good, she a honor roll
She'll ride the dick like carnival
I done did the impossible (Dolla $ign)

[Verse 2: Ty Dolla $ign]
She ride it like Six Flags
We turn up to the max
I whop her from the back
I gave that bitch a cramp
They love me out in France
In the hood, I'm good, I'm stamped
Every day, I dress all black
For a show, nine hundred racks
Middle East call, double that
On my neck a bubble bath
On my wrist, new Cadillac
Cut her off, don't want her back
Little bitch, I'm a superstar
These hoes wanna fuck my car
My dog put a nigga in park
Gotta watch out for the narcs, ayy
[Verse 3: Kanye West]
This that Game of Thrones, Yeezy, not the clones
Elon, where my rocket ship? It's time to go home
They served us the porn since the day we was born
Anybody pissed off, gotta make 'em drink the urine
Now I'm Ye-Kelly, bitch, now I'm Bill Cosby, bitch
Now, I'm Puff Daddy rich, that's Me Too me rich
Why she say she sucked my dick? Then she say she ain't sucked my dick?
She gon' take it up the ass like a ventriloquist
I mean since Taylor Swift, since I had the Rollie on the wrist
I'm the new Jesus, bitch, I turn water to Cris'
This for what they did to Chris, they can't do shit with this
Got my kids in a fake school, we ain't‚Äî
[Chorus: Rich The Kid with Choir & Playboi Carti]
Go, go, go, go
Head so good, she a honor roll
She'll ride the dick like carnival (Schyeah)
I done did the impossible (Schyeah)
Go, go, go, go
Head so good, she a honor roll
She'll ride the dick like carnival
I done did the impossible

[Verse 4: Playboi Carti]
She ride the dick like a carnival
Bend her over, havin' flashbacks, she gon' eat me up like a carnivore
It's the way I pop my shit, the hoes not ready, I'm goin' barnacles
Movin', I feel like I'm Jason, can't get arrested, I make 'em stumble
She want a private section, roll off them X's when I'm on Melrose
She tatted my name on her titties, yeah, you can bust it, but it's a borrow
Hol' up, sittin' back, countin' up dubs, I was raised in the borough
She wanna taste it, checkin' the swag today, ho, come back tomorrow
If you know what I know, hide your ho
Just off the facts that we havin' them hunchos
Runnin' around in the lobby, I know that they tired of me havin' like ten hoes
She need some cresidentials just to be presidential, hol' up, hol' up
I'm 'bout to buy her some dentures, make that ho eat me for dinner, woah, woah
Pain all in my eyes, I can't see, uh
I'm 'bout to jump out my body, I'm ready to leap, uh
I'm 'bout to nut on her body and tell the ho leave, 'kay
Fifty mil' stuffed in the bag, tell the whole gang eat, uh
It's Ye and Barti, tell me who fuckin' with we?
I'm hot like Tha Carter, I'm feelin' that ho in my sleep
Dollar signs all in my dreams, I don't never see Z's, woah (Woah-woah)
The swag cover my body like it's a disease, woah (Woah-woah)
[Bridge: Choir]
Woah, woah, woah
Woah, woah, woah

[Chorus: Choir]
Go, go, go, go
Head so good, she a honor roll
She ride the dick like a carnival
I done did the impossible
Go, go, go, go
Head so good, she a honor roll
She ride the dick like a carnival
I done did the impossible

[Outro: Choir]
Go, go, go, go
Go, go, go, go
Go, go, go, go
Go, go, go, go60Embed",0.031560891938250436
Saturn,SZA,88,"['pop', 'r&b', 'rap']","80 ContributorsTranslationsDeutschFran√ßaisÌïúÍµ≠Ïñ¥Tagalog / ·úÜ·úÑ·úé·úì·úÑ·úîPortugu√™sEspa√±olBahasa IndonesiaSaturn Lyrics[Verse 1]
If there's another universe
Please make some noise (Noise)
Give me a sign (Sign)
This can't be life
If there's a point to losing love
Repeating pain (Why?)
It's all the same (Same)
I hate this place

[Pre-Chorus]
Stuck in this paradigm
Don't believe in paradise
This must be what Hell is like
There's got to be more, got to be more
Sick of this head of mine
Intrusive thoughts, they paralyz–µ
Nirvana's not as advertised
Ther–µ's got to be more, been here before

[Chorus]
Ooh (Ooh, ooh)
Life's better on Saturn
Got to break this pattern
Of floating away
Ooh (Ooh, ooh)
Find something worth saving
It's all for the taking
I always say
See SZA LiveGet tickets as low as $134You might also like[Post-Chorus]
I'll be better on Saturn
None of this matters
Dreaming of Saturn, oh

[Verse 2]
If karma's really real
How am I still here?
Just seems so unfair
I could be wrong though
If there's a point to being good
Then where's my reward?
The good die young and poor
I gave it all I could

[Pre-Chorus]
Stuck in this terradome (Ooh)
All I see is terrible (Ooh)
Making us hysterical (Ooh)
There's got to be more, got to be more
Sick of this head of mine (Ooh)
Intrusive thoughts, they paralyze (Ooh)
Nirvana's not as advertised (Ooh)
There's got to be more, been here before

[Chorus]
Ooh (Ooh, ooh)
Life's better on Saturn
Got to break this pattern
Of floating away
Ooh (Ooh, ooh)
Find something worth saving
It's all for the taking
I always say
[Post-Chorus]
I'll be better on Saturn
None of this matters
Dreaming of Saturn, oh

[Outro]
(Ooh, ooh, ooh)
(Ooh, ooh, ooh)9Embed",0.07755102040816324
LUNA,Feid,89,"['colombian pop', 'pop reggaeton', 'reggaeton', 'reggaeton colombiano', 'trap latino', 'urbano latino']","21 ContributorsTranslationsEnglishDeutschLUNA Lyrics[Letra de ""LUNA""]

[Intro]
Yeah, yeah, yeah
ATL Jacob, ATL Jacob

[Pre-Coro]
Te busco y no s√© d√≥nde est√°s, estoy buscando respuestas
¬øCu√°ndo fue la √∫ltima vez que te vi sonre√≠r?
Te dec√≠a ""mi reina"", te temblaban las piernas
Contigo las noches no, no eran pa' dormir
A veces lo ignoro, fumo y bebo solo
Siempre pens√© que no te debiste ir
Cambiaste plata por oro, eras mi tesoro (Tesoro)

[Coro]
No supe qu√© d√≠a te olvidaste de m√≠
Y, y de m√≠, y, y yo de ti
No supe qu√© d√≠a te olvidaste de m√≠
Y, y de m√≠, y, y yo de ti
No supe qu√© d√≠a te olvidaste de m√≠
Y, y de m√≠, y, y de m√≠
No supe qu√© d√≠a te olvidaste de m√≠
Y, y de m√≠, y, y yo de ti, yeah, yeah

[Verso]
A veces te extra√±o, ma, te quiero perdonar
Beb√©, me tiraste pa' la lona
Me dejaste en cero toda la estamina
No me llame' cuando te sientas sola
Beb√©, yo s√© que tambi√©n extra√±a' los carro'
Hacer el amor cuando est√°bamo' farros, yeah
Todo era mentira cuando t√∫ me dec√≠a': ""Baby, te extra√±o""
Que durar√≠amos a√±os
Baby, doli√≥ tu enga√±o
Ojal√° que se acabe este tema y por fin yo me olvide de ti
You might also like[Pre-Coro]
Te busco y no s√© d√≥nde est√°s, 'toy buscando respuestas
¬øCu√°ndo fue la √∫ltima vez que te vi sonre√≠r?
Te dec√≠a ""mi reina"", te temblaban las piernas

[Coro]
No supe qu√© d√≠a te olvidaste de m√≠
Y, y de m√≠, y, y yo de ti
No supe qu√© d√≠a te olvidaste de m√≠
Y, y de m√≠, y, y yo de ti
No supe qu√© d√≠a te olvidaste de m√≠
Y, y de m√≠, y, y de m√≠
No supe qu√© d√≠a te olvidaste de m√≠
Y, y de m√≠, y, y yo de ti
No supe qu√© d√≠a te olvidaste de m√≠

[Outro]
Yeah
Ah-ah-ahEmbed",0.0
My Love Mine All Mine,Mitski,82,"['brooklyn indie', 'pov: indie']","89 ContributorsTranslationsItalianoFran√ßaisPortugu√™sEspa√±olÊó•Êú¨Ë™ûDeutschÿßŸÑÿπÿ±ÿ®Ÿäÿ©T√ºrk√ßeBahasa IndonesiaMy Love Mine All Mine Lyrics[Verse 1]
Moon, a hole of light
Through the big top tent up high
Here before and after me
Shinin' down on me
Moon, tell me if I could
Send up my heart to you?
So when I die, which I must do
Could it shine down here with you?

[Chorus]
'Cause my love is mine, all mine
I love, my, my, mine
Nothing in the world belongs to me
But my love, mine, all mine, all mine

[Verse 2]
My baby here on Earth
Showed me what my heart was worth
So when it comes to be my turn
Could you shine it down here for her?

[Chorus]
'Cause my love is mine, all mine
I love, my, my, mine
Nothing in the world belongs to me
But my love, mine, all mine
Nothing in the world is mine for free
But my love, mine, all mine, all mineSee Mitski LiveGet tickets as low as $8You might also like14Embed",0.29407407407407404
Austin,Dasha,72,['alt z'],"10 ContributorsTranslationsNorsk (bokm√•l / riksm√•l)Espa√±olDeutschAustin Lyrics[Verse 1]
We had a plan, move out of this town, baby
West to the sand, it's all we talked about lately
I'd pack the car, bring your guitar and jane for smokin'
First thing at dawn, you'd queue the songs and we'd get goin'
But you weren't home, waited on the porch for ya
Sat there alone, all throughout the morn' 'til I
Got a hunch down in my gut and snuck around the back
Empty cans and I'll be damned, your shit was never packed

[Chorus]
Did your boots stop workin'? Did your truck break down? (Truck break down)
Did you burn through money? Did your ex find out? (Ex find out)
Where there's a will, then there's a way, and I'm damn sure you lost it
Didn't even say goodbye, just wish I knew what caused it
Was the whiskey flowin'? Were you in a fight? (In a fight)
Did the nerves come get you? What's your alibi? (Alibi)
I made my way back to LA, and that's where you'll be forgotten
In forty years, you'll still be here, drunk washed up in Austin

[Verse 2]
Hell of a bluff, you had me believin'
How many months did you plan on leavin'?
What happened? Bad habits?
Did you go back? Go batshit?
I loved you, how tragic, oh-oh
You might also like[Chorus]
Did your boots stop workin'? Did your truck break down? (Truck break down)
Did you burn through money? Did your ex find out? (Ex find out)
Where there's a will, then there's a way, and I'm damn sure you lost it
Didn't even say goodbye, just wish I knew what caused it
Was the whiskey flowin'? Were you in a fight? (In a fight)
Did the nerves come get you? What's your alibi? (Alibi)
I made my way back to LA, and that's where you'll be forgotten
In forty years, you'll still be here, drunk washed up in Austin

[Refrain]
Did your truck break down? Did your ex find out?Embed",-0.06969696969696972
